<?xml version="1.0" encoding="UTF-8"?>
<epo:EPOPolicySchema xmlns:epo="mcafee-epo-policy" xmlns:xsi="http://www.w3.org/2001/XMLSchema-instance">
	<!--Copyright (C) 2007 McAfee, Inc.  All rights reserved.-->
    <EPOPolicyVerInfo vermjr="4" vermin="0" verbld="0" verrel="0"></EPOPolicyVerInfo>
    <EPOPolicyLocaleString token="FWALLMAC1000">
        <Translation codepage="1033">Desktop Firewall for Mac 1.0.0.0</Translation>
        <Translation codepage="1036">Desktop Firewall for Mac 1.0.0.0</Translation>
        <Translation codepage="1031">Desktop-Firewall für Mac 1.0.0.0</Translation>
        <Translation codepage="1041">Desktop Firewall for Mac 1.0.0.0</Translation>
    </EPOPolicyLocaleString>
    <EPOPolicyLocaleString token="Configuration">
        <Translation codepage="1033">Desktop Firewall</Translation>
        <Translation codepage="1036">Desktop Firewall</Translation>
        <Translation codepage="1031">Desktop Firewall</Translation>
        <Translation codepage="1041">Desktop Firewall</Translation>
    </EPOPolicyLocaleString>	
    <EPOPolicyLocaleString token="McAfee Default">
        <Translation codepage="1033">McAfee Default</Translation>
        <Translation codepage="1036">McAfee Default</Translation>
        <Translation codepage="1031">McAfee Default</Translation>
        <Translation codepage="1041">McAfee Default</Translation>
    </EPOPolicyLocaleString>
    <EPOPolicyType featureid="FWALLMAC1000" categoryid="Configuration" typeid="Configuration" legacy="true" singleton="true"/>
    <EPOPolicyProduct productcode="FWALLMAC1000">
        <PolicyType featureid="FWALLMAC1000" categoryid="Configuration" typeid="Configuration" editurl="showDefaultPolicies.do" legacyui="false"></PolicyType>
    </EPOPolicyProduct>
    <EPOPolicySettings featureid="FWALLMAC1000" categoryid="Configuration" typeid="Configuration" name="McAfee Default">
        <Section name="General">
            <Setting name="ePO_FirewallState" value="1"></Setting>
			<Setting name="ePO_FirewallLogging" value="0"></Setting>
			<Setting name="ePO_StealthMode" value="0"></Setting>
			<Setting name="ePO_BlockedUnknownTraffic" value="0"></Setting>
        </Section>
        <Section name="Rules">
			<Setting name="ePO_FirewallRulesPolicy" value="0"></Setting>
			<Setting name="ePO_FirewallRulesDenyInbound" value="1"></Setting>
			<Setting name="ePO_FirewallRulesDenyOutbound" value="1"></Setting>
			<Setting name="ePO_NoOfRules" value="0"></Setting>
        </Section>
        <Section name="Trusted">
			<Setting name="ePO_NoOfGroups" value="1"></Setting>
			<Setting name="ePO_GroupName_1" value="McAfee Servers"></Setting>
            <Setting name="ePO_NoOfIpAddresses_1" value="2"></Setting>
			<Setting name="ePO_IpAddress_1_grp_1" value="www.mcafee.com"></Setting>
			<Setting name="ePO_IpAddress_2_grp_1" value="www.vil.com"></Setting>			
		</Section>  
    </EPOPolicySettings>
    <EPOPolicyObject featureid="FWALLMAC1000" categoryid="Configuration" typeid="Configuration" name="McAfee Default" isdefault="true">
        <PolicySettings>McAfee Default</PolicySettings>
    </EPOPolicyObject>
</epo:EPOPolicySchema>
