﻿<?xml version="1.0" encoding="UTF-8"?>
<epo:EPOPolicySchema xmlns:epo="mcafee-epo-policy" xmlns:xsi="http://www.w3.org/2001/XMLSchema-instance">
	<!--Copyright (C) 2007 McAfee, Inc.  All rights reserved.-->
    <EPOPolicyVerInfo vermjr="4" vermin="0" verbld="0" verrel="0"></EPOPolicyVerInfo>
    <EPOPolicyLocaleString token="APROTMAC1000">
        <Translation codepage="1033">Application Protection for Mac 1.0.0</Translation>
        <Translation codepage="1036">Application Protection for Mac 1.0.0</Translation>
        <Translation codepage="1031">Anwendungsschutz für Mac1.0.0</Translation>
        <Translation codepage="1041">Application Protection for Mac 1.0.0</Translation>
    </EPOPolicyLocaleString>
    <EPOPolicyLocaleString token="Configuration">
        <Translation codepage="1033">Application Protection</Translation>
        <Translation codepage="1036">Protection de l'application</Translation>
        <Translation codepage="1031">Anwendungsschutz</Translation>
        <Translation codepage="1041">アプリケーション保護</Translation>
    </EPOPolicyLocaleString>
    <EPOPolicyLocaleString token="McAfee Default">
        <Translation codepage="1033">McAfee Default</Translation>
        <Translation codepage="1036">McAfee Default</Translation>
        <Translation codepage="1031">McAfee Default</Translation>
        <Translation codepage="1041">McAfee Default</Translation>
    </EPOPolicyLocaleString>
    <EPOPolicyType featureid="APROTMAC1000" categoryid="Configuration" typeid="Configuration" legacy="true" singleton="true"/>
    <EPOPolicyProduct productcode="APROTMAC1000">
        <PolicyType featureid="APROTMAC1000" categoryid="Configuration" typeid="Configuration" editurl="default.do" legacyui="false"></PolicyType>
    </EPOPolicyProduct>
    <EPOPolicySettings featureid="APROTMAC1000" categoryid="Configuration" typeid="Configuration" name="McAfee Default">
        <Section name="General">
			<Setting name="ePO_AppProtectionEnabled"      value="1"></Setting>
			<Setting name="ePO_AllowAppleBinariesEnabled" value="1"></Setting>
			<Setting name="ePO_UnknownApplications"       value="1"></Setting>
            <Setting name="ePO_UnknownAppPromptTime"      value="60"></Setting> 
        </Section>
        <Section name="Rules">
            <Setting name="ePO_NoOfRules"      value="0"></Setting>			
        </Section>
        <Section name="Exclusions">
            <Setting name="ePO_NoOfApplications" value="0"></Setting>            
		</Section>  
    </EPOPolicySettings>
    <EPOPolicyObject featureid="APROTMAC1000" categoryid="Configuration" typeid="Configuration" name="McAfee Default" isdefault="true">
        <PolicySettings>McAfee Default</PolicySettings>
    </EPOPolicyObject>
</epo:EPOPolicySchema>
