<project name='APPPROREPORTS' default='install' basedir='.'>
  <property file="extension.properties"/>
<!--Copyright (C) 2010 McAfee, Inc.  All rights reserved-->
  <!-- the context URL the webapp will be installed to -->
  <property name="context" value="/APPPROREPORTS"/>
	
	<path id="task.classpath">
		<fileset dir="webapp/WEB-INF/lib">
			<include name="*.jar" />
		</fileset>
	</path>
	
  <taskdef name="CustomAntTask"
	classname="com.mcafee.reports.CustomAntTask"
	classpathref="task.classpath" />
  <CustomAntTask/>
	
  <target name="install" depends="install45querygroups,install40querygroups">
  
    <echo message="Install called for ${extension.name} (version ${extension.version})"/>
    <install-webapp dir="webapp" context="${context}"/>
    <reg-prodfamily prodID="APPPROREPORTS" family="VIREXAPPRO" familyDispName="Application Protection for Mac" props="ProductVersion, Hotfix"/>
    <execute-sql file="sql/install.sql" />
	<install-eventparser-plugin extName="APPPROREPORTS" file="comdll/MSMEventParser.dll" rootElements="MSMAppProtectionEvents" clsID="F34FCDCA-53C3-4120-BD66-A78AB2C29460" clsCTX="3" type="3"/>
 								
 
 	<install-alert-family 	 name="MSMAPP"
                             bundleName="evtNameDesc"
                             bundlePath="${basedir}/Notifications" />
							 
	<install-alert-alias 	 familyName="MSMAPP"
                             aliasPath="${basedir}/webapp/WEB-INF/classes/"
                             aliasFileName="Aliases.MSMAppProtectionEvents.xml.properties"
                             copyAliasFile="yes"
                             fixtureClass="com.mcafee.epo.notifications.ruleEngine.messages.JDomFixture"
                             softwareName="MSMAppProtectionEvents"
                             softwareVersion=""/>
							 
	<install-alert-category  name="APPPROTECTIONACTION"
                             familyName="MSMAPP"
                             bundleName="evtNameDesc"
                             bundlePath="${basedir}/Notifications"
                             AssociateThreat="1" />

    <install-alert-event     id="20601"
                             category="APPPROTECTIONACTION"
                             flag="0x1"
                             hideInFilterTab="0"
                             bundleName="evtNameDesc"
                             bundlePath="${basedir}/Notifications" />
	
	<install-alert-event     id="20602"
                             category="APPPROTECTIONACTION"
                             flag="0x1"
                             hideInFilterTab="0"
                             bundleName="evtNameDesc"
                             bundlePath="${basedir}/Notifications" />
							 
 </target>
 
<target name="uninstall">
    <echo message="Uninstall called for ${extension.name} (version ${extension.version})"/>
    <remove-webapp context="${context}"/>
	<execute-sql file="sql/Uninstall.sql" />
	<uninstall-eventparser-plugin extName="APPPROREPORTS" file="MSMEventParser.dll"/>
    <unreg-prodfamily prodID="APPPROREPORTS" family="VIREXAPPRO"/>
	
	<uninstall-alert-event id="20601"/>
	<uninstall-alert-event id="20602"/>
	<uninstall-alert-category name="APPPROTECTIONACTION" familyName="MSMAPP"/>	
	<uninstall-alert-alias 	 familyName="MSMAPP"
                             aliasFileName="Aliases.MSMAppProtectionEvents.xml.properties"
							 deleteAliasFile="yes"
                             fixtureClass="com.mcafee.epo.notifications.ruleEngine.messages.JDomFixture"
                             softwareName="MSMAppProtectionEvents"
                             softwareVersion=""/>
	<uninstall-alert-family name="MSMAPP"/>		
</target>

<target name="upgrade" depends="install45querygroups,install40querygroups">
    <echo message="Upgrade called for ${extension.name} (version ${extension.version})"/>
    <remove-webapp context="${context}"/>
    <install-webapp dir="webapp" context="${context}"/>
    <execute-sql file="sql/install.sql" />
	
 	<install-alert-family 	 name="MSMAPP"
                             bundleName="evtNameDesc"
                             bundlePath="${basedir}/Notifications" />
							 
	<install-alert-alias 	 familyName="MSMAPP"
                             aliasPath="${basedir}/webapp/WEB-INF/classes/"
                             aliasFileName="Aliases.MSMAppProtectionEvents.xml.properties"
                             copyAliasFile="yes"
                             fixtureClass="com.mcafee.epo.notifications.ruleEngine.messages.JDomFixture"
                             softwareName="MSMAppProtectionEvents"
                             softwareVersion=""/>
							 
	<install-alert-category  name="APPPROTECTIONACTION"
                             familyName="MSMAPP"
                             bundleName="evtNameDesc"
                             bundlePath="${basedir}/Notifications"
                             AssociateThreat="1" />

    <install-alert-event     id="20601"
                             category="APPPROTECTIONACTION"
                             flag="0x1"
                             hideInFilterTab="0"
                             bundleName="evtNameDesc"
                             bundlePath="${basedir}/Notifications" />
	
	<install-alert-event     id="20602"
                             category="APPPROTECTIONACTION"
                             flag="0x1"
                             hideInFilterTab="0"
                             bundleName="evtNameDesc"
                             bundlePath="${basedir}/Notifications" />
	
	
	<uninstall-eventparser-plugin extName="APPPROREPORTS" file="MSMEventParser.dll"/>
	<install-eventparser-plugin extName="APPPROREPORTS" file="comdll/MSMEventParser.dll" rootElements="MSMAppProtectionEvents" clsID="F34FCDCA-53C3-4120-BD66-A78AB2C29460" clsCTX="3" type="3"/>
</target>

<target name="downgrade">
</target>

<target name="install45querygroups" if="install.query45">
	 <echo message="install45querygroups called for ${extension.name}"/>
     <bundle id="stringBundle" location="strings" />
	 
	<querygroup id="ap.querygroup.Main" shared="true" bundleRef="stringBundle" uniqueKey="apMain" >
		<nameKey>ap.querygroup.name</nameKey>
		<descriptionKey>ap.querygroup.name</descriptionKey>
	</querygroup>
	<set-config configRef="ap.querygroup.Main"/>
	
	<query id="app.ProductVersion" bundleRef="stringBundle">
		<property name="groupRef">ap.querygroup.Main</property>
		<nameKey>AppProductVersion</nameKey>
		<descriptionKey>AppProductVersion.desc</descriptionKey>
		<property name="target">EPOLeafNode</property>
		<property name="tableURI">query:table?orion.table.columns=EPOLeafNode.NodeName%3AEPOProdPropsView_VIREXAPPRO.productversion&amp;orion.table.order.by=EPOLeafNode.NodeName%3AEPOProdPropsView_VIREXAPPRO.productversion&amp;orion.table.order=az</property>
		<property name="conditionURI">query:condition?orion.condition.sexp=%28+where+%28+and+%28+eq+EPOComputerProperties.OSType+%22Mac+OS+X%22+%29+%28+version_ge+EPOProdPropsView_VIREXAPPRO.productversion+%221.0%22+%29+%29+%29</property>
		<property name="summaryURI">query:summary?orion.show.other.limit=0&amp;orion.sum.order.by=count&amp;orion.show.other=false&amp;orion.sum.time.cols=false&amp;orion.sum.aggregation.column=count&amp;orion.sum.group.by=EPOProdPropsView_VIREXAPPRO.productversion&amp;orion.sum.aggregation=count&amp;orion.sum.order=desc&amp;orion.sum.limit.count=0&amp;bar.title=EPOProdPropsView_VIREXAPPRO.productversion&amp;orion.chart.type=bar&amp;orion.sum.limit=false&amp;orion.sum.query=true</property>
	</query>						 
	<set-config configRef="app.ProductVersion"/>
</target>

<target name="install40querygroups" unless="install.query45">
	<echo message="install40querygroups called for ${extension.name}"/>
    <bundle id="stringBundle" location="strings" />
	
	<query id="app.ProductVersion" bundleRef="stringBundle">
		<nameKey>AppProductVersion</nameKey>
		<descriptionKey>AppProductVersion.desc</descriptionKey>
		<property name="target">EPOLeafNode</property>
		<property name="tableURI">query:table?orion.table.columns=EPOLeafNode.NodeName%3AEPOProdPropsView_VIREXAPPRO.productversion&amp;orion.table.order.by=EPOLeafNode.NodeName%3AEPOProdPropsView_VIREXAPPRO.productversion&amp;orion.table.order=az</property>
		<property name="conditionURI">query:condition?orion.condition.sexp=%28+where+%28+and+%28+eq+EPOComputerProperties.OSType+%22Mac+OS+X%22+%29+%28+version_ge+EPOProdPropsView_VIREXAPPRO.productversion+%221.0%22+%29+%29+%29</property>
		<property name="summaryURI">query:summary?orion.show.other.limit=0&amp;orion.sum.order.by=count&amp;orion.show.other=false&amp;orion.sum.time.cols=false&amp;orion.sum.aggregation.column=count&amp;orion.sum.group.by=EPOProdPropsView_VIREXAPPRO.productversion&amp;orion.sum.aggregation=count&amp;orion.sum.order=desc&amp;orion.sum.limit.count=0&amp;bar.title=EPOProdPropsView_VIREXAPPRO.productversion&amp;orion.chart.type=bar&amp;orion.sum.limit=false&amp;orion.sum.query=true</property>
	</query>						 
	<set-config configRef="app.ProductVersion"/>
</target>

</project>
