<project name='FWALLMAC1000' default='install' basedir='.'>
 <property file="extension.properties"/>
  <!-- Copyright (C) 2006 McAfee Inc.  All rights reserved.-->
  <!-- the context URL the webapp will be installed to -->
  <property name="context" value="/FWALLMAC1000"/>

 <target name="install">
   <echo message="Install called for ${extension.name} (version ${extension.version})"/>
    <install-webapp dir="webapp" context="${context}"/>
    <reg-prodfamily prodID="FWALLMAC1000" family="VIREXFWL" familyDispName="Desktop Firewall for Mac" props="ProductVersion, Hotfix"/>
    <install-policy dir="webapp/DATA"/>	
 </target>

 <target name="uninstall">
	<echo message="Uninstall called for ${extension.name} (version ${extension.version})"/>
	<remove-webapp context="${context}"/>
    <unreg-prodfamily prodID="FWALLMAC1000" family="VIREXFWL"/>   
    <remove-policy dir="webapp/DATA"/>	
 </target>

 <target name="upgrade">
	<echo message="Upgrade called for ${extension.name} (version ${extension.version})"/>
	<remove-webapp context="${context}"/>
	<unreg-prodfamily prodID="FWALLMAC1000" family="VIREX"/>   
	<install-webapp dir="webapp" context="${context}"/>
	<install-policy dir="webapp/DATA"/>
	<reg-prodfamily prodID="FWALLMAC1000" family="VIREXFWL" familyDispName="Desktop Firewall for Mac" props="ProductVersion, Hotfix"/>
  </target>
 <target name="downgrade"/>
</project>
