<project name='Application Protection Extension' default='install' basedir='.'>
 <property file="extension.properties"/>
  <!-- Copyright (C) 2006 McAfee Inc.  All rights reserved.-->
  <!-- the context URL the webapp will be installed to -->
  <property name="context" value="/APROTMAC1000"/>

 <target name="install">
   <!--<echo message="Install called for ${extension.name} (version ${extension.version})"/>-->
    <install-webapp dir="webapp" context="${context}"/>
    <install-policy dir="webapp/DATA"/>
    <reg-prodfamily prodID="APROTMAC1000" family="VIREXAPPRO" familyDispName="Application Protection for Mac" props="ProductVersion, Hotfix"/>
 </target>

 <target name="uninstall">
	<remove-webapp context="${context}"/>
    <remove-policy dir="webapp/DATA"/>
    <unreg-prodfamily prodID="APROTMAC1000" family="VIREXAPPRO"/>   
 </target>

 <target name="upgrade">
    <echo message="Upgrade called for ${extension.name} (version ${extension.version})"/>
    <remove-webapp context="${context}"/>
	<unreg-prodfamily prodID="APROTMAC1000" family="VIREX"/>
    <install-webapp dir="webapp" context="${context}"/>
    <install-policy dir="webapp/DATA"/>
	<reg-prodfamily prodID="APROTMAC1000" family="VIREXAPPRO" familyDispName="Application Protection for Mac" props="ProductVersion, Hotfix"/>
</target>

<target name="downgrade"/>

</project>
