<?xml version="1.0" encoding="UTF-8"?>
<mvc-action-config version="1.0">
<!--Copyright (C) 2009 McAfee, Inc.  All rights reserved.-->
	<action-set class="com.mcafee.APROTMAC.ManagePolicy">
		<action name="default.do" execute="ViewPolicy" validate="validate" permission="perm:APROTMAC1000.policy.view?featureID=APROTMAC1000" />
        <action name="save.do" execute="SavePolicy" validate="validate" permission="perm:APROTMAC1000.policy.view?featureID=APROTMAC1000" />
    </action-set>
	<!--action-set class="com.mcafee.APROTMAC.ManageTasks">
		<action name="UpdateUpdateSettings.do" execute="UpdateUpdateSettings" validate="validate" permission="perm:APROTMAC1000.policy.view?featureID=APROTMAC1000" />
		<action name="OnDemandSettings.do" execute="OnDemandSettings" validate="validate" permission="perm:APROTMAC1000.policy.view?featureID=APROTMAC1000" />
		<action name="OnDemandSettingsRetrive.do" execute="OnDemandSettingsRetrive" validate="validate" permission="perm:APROTMAC1000.policy.view?featureID=APROTMAC1000" />
	</action-set>-->
	<!--<action-set bean="APROTMAC1000.VirexProps">
        <action name="DisplayVirexProps.do" execute="DisplayVirexProps" />
        <action name="DisplayVirexPropsDetail.do" execute="DisplayVirexPropsDetail" />        
    </action-set>-->
</mvc-action-config>